<?xml version="1.0" encoding="UTF-8"?>
<project-private xmlns="http://www.netbeans.org/ns/project-private/1">
    <editor-bookmarks xmlns="http://www.netbeans.org/ns/editor-bookmarks/2" lastBookmarkId="0"/>
    <open-files xmlns="http://www.netbeans.org/ns/projectui-open-files/2">
        <group>
            <file>file:/C:/xampp/htdocs/sws/index.php</file>
            <file>file:/C:/xampp/htdocs/sws/phpfunctions/newApply.php</file>
            <file>file:/C:/xampp/htdocs/sws/job-seekers.php</file>
            <file>file:/C:/xampp/htdocs/sws/contact.php</file>
            <file>file:/C:/xampp/htdocs/sws/forklifttraining.php</file>
            <file>file:/C:/xampp/htdocs/sws/application.php</file>
            <file>file:/C:/xampp/htdocs/sws/phpfunctions/accessJobs.php</file>
        </group>
    </open-files>
</project-private>
